<?xml version="1.0" ?>

<container xmlns="http://symfony.com/schema/dic/services"
    xmlns:xsi="http://www.w3.org/2001/XMLSchema-instance"
    xsi:schemaLocation="http://symfony.com/schema/dic/services http://symfony.com/schema/dic/services/services-1.0.xsd">

    <parameters>
        <parameter key="menu.main.class">gg\Bundle\SiteBundle\Menu\MainMenu</parameter>
    </parameters>

    <services>
        <service id="menu.main" class="%menu.main.class%" scope="request">
            <tag name="knp_menu.menu" alias="main" />
            <argument type="service" id="request" />
            <argument type="service" id="router" />
            <argument type="service" id="security.context" />
        </service>
    </services>

</container>